"image_1_text","image_2_text","database","image","number"
"there is a picture, a lamp, a flower vase, a letter a decor and a blue ball with a big  white cup in the picture","there is a picture, a lamp, a flower vase, a letter a decor and a blue ball with a small white cup in the picture","ma","10504629","1"
"starbucks painting with a wide cup","starbucks painting wit a narrow tall cup ","ma","10504629","2"
"a room with flowers, lamp, hanging lights, and wall art.  one of the pieces of wall art appears to be a picture of coffee from starbucks and is hanging approximately six inches from the corner of the room.","a room with flowers, lamp, hanging lights, and wall art.  one of the pieces of wall art appears to be a picture of coffee from starbucks and is hanging approximatley ten inches from the corner of th room.  ","ma","10504629","3"
"a corner table with a vase full of flowers and a lamp, with a letter 'a' design on the wall and a centered painting of a coffee cup","a corner table with a vase full of flowers and a lamp, with a letter 'a' design on the wall and an off-centered painting of a coffee cup","ma","10504629","4"
"a bedroom wall with a letter a and a coffee mug painting, and a red table with a flower vase and lamp","a bedroom wall with a letter a and a coffee mug painting, and a red table with a flower vase and lamp","ma","10504629","5"
"a room with some wall decorations including a wide painting of a coffee mug","a room with wall decorations in cluding a narrow painting of a coffee mug.","ma","10504629","6"
"a decorated room with a colorful lamp and a painting of a coffee on the wall","a decorated room with a colorful lamp and a painting of a coffee mug on the wall","ma","10504629","7"
"a table with a pink tablecloth with a place setting for 6 with clear glassware four tealight candles burning each inside a shell. green napkins and silverware and pink and white flowers in the center","a table with a pink tablecloth with a place setting for six with clear glassware  four tealights lit and each sitting inside a seashell there are white and pink flowers in the center of the table.","ma","10810329","1"
"a dinner table with 4 lights one of them bigger than the other","a dinner table with 4 lights all equal size","ma","10810329","2"
"candle lit dinner table with 4 candles and ones larger","candle lit dinner with 4 candles all the same size","ma","10810329","3"
"a fancy dinner table with roses and a large tea light candle in a clam shell.","a fancy dinner table with roses and a small tea light in a clam shell.","ma","10810329","4"
"the light here is a bit wide ","the light here is a bit msllaer from the first one ","ma","10810329","5"
"a night set dintertable wih lit candles ","a nice set dinner table with lit candles","ma","10810329","6"
"a dinner table with three round candles and one oblong candle.","a dinner table with four round candles.","ma","10810329","7"
"sophisticated table set with votive candles","sophisticated table set with lit votive candles","ma","10810329","8"
"beautiful decorated table set for a meal with four candles, the candle on the left is the largest","decorated table set for an elegant meal with four candles of equal size","ma","10810329","9"
"a table setting with candle lights that are larger in size","a table setting with candle lights that are smaller in size","ma","10810329","10"
"coffee table game with different colors including a black piece","coffee table gam with different colors including a white piece instead of black","ma","1191801","1"
"a small game resembling a pool table has colored pieces on the table.  the one in yellow box is black.","a small game resembling a pool table has colored pieces on the table.  the one in the yellow box is white.","ma","1191801","2"
"a miniature pool table with two black balls","a miniature pool table with one white ball","ma","1191801","3"
"a lego pool table set with the black and grey pieces sitting right next to the pool cue. ","a lego pool table set with the white and grey pieces sitting right next to the pool cue.","ma","1191801","4"
"a toy pool table with two black pegs on the surface","a toy pool table with eight different colored pegs","ma","1191801","5"
"a black a yellow  box with black binnoculars on top with a black strap wiht red on it.","a black and yellow box with black binnocular on top with a black strap with yellow on it.","ma","12115280","1"
"a robotic cake design with red color edges","a robotic cake design with yellow color edges.","ma","12115280","2"
"a yellow and black 'walle' cake from disney with the word laurie on it","a yellow and black 'walle' cake from disney with the word laurie on it","ma","12115280","3"
"a robot made out of fabric, and one that has red felt on the side of it","a robot made out of fabric, and one that does not have red felt on the side of it","ma","12115280","4"
"a cake decorated like wall-e with a red arm","a cake decorated like wall-e with a yellow arm","ma","12115280","5"
"a robotic looking cake with fondant and a red line towards the top right of the cake","a robotic looking cake with fondant and a yellow line towards the top right of the cake","ma","12115280","6"
"a robot shaped cake with red detailing on the side","a robot shaped cake with yellow detaining on the side","ma","12115280","7"
"a robot looking item with the name lauri e on it","a robot looking item with the name lauri e on it and an amber marker light","ma","12115280","8"
"a parachute with gas fire at pink color edges.","a parachute with gas fire at yellow color edges.","ma","12178414","1"
"the inside of a hot air baloon that features a colorful pattern of pink, red, yellow, blue and green","the inside of a hot air balloon that features a colorful pattern of red, yellow, blue and green","ma","12178414","2"
"a hot air balloon with a purple stripe in the center.","a hot air balloon with green and yellow stripes in the center.","ma","12178414","3"
"four brightly colored panels on hot air like balloon with small patch of pink","four brightly colored panels on hot air like baloon","ma","12178414","4"
"presumably a colorful hot air balloon with one section being miscolored as purple.","presumably a colorful hot air balloon with one section matching the rest as yellow.","ma","12178414","5"
"an air ballon with pink shade in the middle","an air ballon with consistent color","ma","12178414","6"
"a rainbow parachute with a pink and green triangle in the center","a rainbow parachute with a yellow and green triangle in the center","ma","12178414","7"
"a parachute that has four different colors and the colors narrow in the middle","a parachute that the colors narrow in the middle","ma","12178414","8"
"a photo of the inside of a hot air balloon with many colors, in particular purple and green with a black circle","a photo of the inside of a hot air balloon with many colors, in particular green and yellow with a black circle","ma","12178414","9"
"at the middle of the circle, pink color is present","at the middle of the circle, yellow color is present","ma","12178414","10"
"a yellow, green, red, and blue mostly solid striped parachute","a yellow, green, red, and blue solid striped parachute","ma","12178414","11"
"animal figure and ground with an orange carrot","animal figure and ground with a red carrot","ma","13141692","1"
" a small pad of moss with a small grey and white dog with lots of dog toys and a brown dog toy.","a small pad of moss with a small grey and white dog with lots of dog toys and a red do toy.","ma","13141692","2"
"a small toy with yellow color","a small toy with red color and its look like cherry.","ma","13141692","3"
"a figurine of a small dog outside with a yellow toy on the ground.","a figurine of  a small dog outside with a red toy on the ground.","ma","13141692","4"
"the color here is orange ","the color here is red","ma","13141692","5"
"two yellow pumpkins sitting on a colorful quilt","one yellow pumpkins sitting on a colorful quilt","ma","1383096","1"
"a halloween themed quilt with little craft pumpkins","pictures of small fall trees on a halloween themed quilt","ma","1383096","2"
"a quilt with autum colors and three pumpkins.","a quilt with autum colors and two pumpkins.","ma","1383096","3"
"a harvest type quilt with small pumpkins laying on it. a small yellow pumpkin or yellow tomato lies on the quilit beside two other yellow pumkins and a red onion.  ","a harvest type quilt with small pumpkins laying on it.  two small yellow pumpkins or possible yellow tomotoes with a red onion.","ma","1383096","4"
"a halloween themed blanket with three pumpkins in the background","a halloween themed blanket with two pumpkins in the background","ma","1383096","5"
"a black ploow on a chair","a chair with a black pillow on it.","ma","13873251","1"
"the pillow is front","the pillow is somewhat back","ma","13873251","2"
" a room full of furniture with a black tile border around it and a black and white sofa with a large black pillow.","a room full of furniture with a black tile border around it and a black and white sofa with a small black pillow.","ma","13873251","3"
"a waiting area with a comfortable looking chair and black pillow","a waiting area with a comfortable looking chair and black pillow","ma","13873251","4"
"brown pillow on brown patterned chair","brown pillow on brown patterned chair","ma","13873251","5"
"a bigger pillow on a chair","a smaller pillow on a chair","ma","13873251","6"
"a living room with chairs and pillows on them a couch and a bar","a living room that has a couch a bar and chairs with pillows on them","ma","13873251","7"
"a nice set of furniture with a chair that has a large pillow","a nice set of furniture with a chair that has a normal size pillow","ma","13873251","8"
"at the left sofa, pillow is placed","at the left sofa, pillow is placed at the corner side","ma","13873251","9"
"a living area set up with chairs and tables","a living area that has rugs, tables, pictures and a pillow on each chair","ma","13873251","10"
"a living area with three sofas containing different sizes of pillows.","a living area with three sofas containing same size of pillows.","ma","13873251","11"
"a decorated living room featuring various places to sit and multiple brown throw pillows, one of which is larger than the other","a decorated living room featuring various places to sit and multiple brown throw pillows of equal size","ma","13873251","12"
"a picture of a storefront with holiday lights and a long firehose.","a picture of a storefront with holiday lights and a short firehose.","ma","16527526","1"
"a shop that sells music and musical instruments the thing in the yellow box is slightly longer than the other picture.","a shop that sells music and musical instruments the thing in the yellow box is slightly shorter than the other picture","ma","16527526","2"
"a rock shop having a longer window on the wall","a rock shop having a shorter window on the wall","ma","16527526","3"
"a red store front with a long window to its right.","a red store front with a small window to its right.","ma","16527526","4"
"a mango table cover  the mango in the yellow box has no stem and the dots are much larger than the other picture.","a mango table cover the mango in the yellow box has a stem and the dots are much smaller than the other picture.","ma","18169626","1"
"a ruffled circular blanket with different yellow pears and a pear with red dot without a stem.","a ruffled circular blanket with different yellow pears and a pear with  small red dots and a stem with a  leaf.","ma","18169626","2"
"a piece of fabric with pears including one with medium-sized spots.","a piece of fabric with pears including one with small spots.","ma","18169626","3"
"decorative material with patterened pears, one is yellow with orange polk adots","decorative material with patterened pears, one is yellow with tiny orange dots","ma","18169626","4"
"pirate themed cupcakes and a variety of other dessert treats","a smiley face sticker on a bag of goodies","ma","18345691","1"
"several cupcakes designed to look like pirates with packages in the background with large pirate ship designs on them","several cupcakes designed to look like pirates with packages in the background with medium sized pirate ship designs on them ","ma","18345691","2"
"pirate-themed cupcakes with a small pirate with a red bandana and eyepatch decoration with brown bags in the back with a smiley face on them","pirate themed cupcakes with a small pirates with red bandana and eyepatch decorations with brown bags with a smiley face on them","ma","18345691","3"
"an order of pirate designed cupcakes with a big smiley face sticker on the bags","an order of pirate designed cupcakes with a regular sized smiley face sticker on the bags","ma","18345691","4"
"a collection of pirate chocolate cupcakes. bags with a pirate ship logo are behind them with one logo larger than the other.","a collection of pirate chocolate cupcakes. bags are behind them with one logo smaller than the others.","ma","18345691","5"
"a set of pirate cupcakes with bags behind them containing a white a long ovular pirate ship sticker","a set of pirate copcakes with bags behind them containing a white wide ovular pirate ship sticker","ma","18345691","6"
"decorated chocolate cupcakes on a white table","chocolate cupcakes with pirate faces and paper bags with a pumpkin sticker on them","ma","18345691","7"
"there are flowers, sea shells, pine cone, some wooden art work and a blue vase on a yellow mat","there are flowers, sea shells, pine cone, some wooden art work, a blue vast and a pile of tiny brown stones on a yellow mat","ma","22020472","1"
"a cluttered room with a chest of drawers an lots of nicknacks on it a yellow cloth with a vase, lamp and picture sitting on the chest.","a cluttered room with a ches of drawers and lots of nicknacks on the chest a yellow cloth is on the corner with a vase, lamp, picture frame, and pile of purple stuff.","ma","22020472","2"
"decorations on the table. nothing near the right photo","decorations on the table. near the photo on the right, there is a grey color decorations too","ma","22020472","3"
"a group of photos are surrounded by flowers and decorative objects. there is nothing in the middle right side on the yellow blanket below the white photo.","a group of photos are surrounded by flowers and decorative objects. there is a group of purple flower pettles on the yellow blanket below the white photo.","ma","22020472","4"
"a vanity with various trinkets adorning it including a yellow cloth","a vanity with various trinkets adorning it including rocks on a yellow cloth","ma","22020472","5"
"a cluttered decorative table with loose stones in the right corner","a cluttered decorative table with a photo in the right corner","ma","22020472","6"
"the embroidary is large","the embroidary is small","ma","23024660","1"
"a quilt with cabins on it and assorted wood block houses ","the window of a quilt cabin","ma","23024660","2"
"picture with houses with windows","picture with houses with windows ","ma","23024660","3"
"a bunch of embroidered houses, one of which has a square window","a bunchof embroidered houses one of which has a rectangular window","ma","23024660","4"
"village pieces with a village quilt frame behind it the house has a large window","willage pieces with a village quilt frame behind it the house has a small window","ma","23024660","5"
"a frame on a table ","a frame with a quilt on a table","ma","23024660","6"
"a wooden framed quilt with houses one is a purple house with a square window in the middle there is also houses besides the frame","a wooden framed quilt with houss one is a purple house with a rectangular window near the top of the side of the house there is also houses besides the frame","ma","23024660","7"
"a quilt in a frame with houses, with the middle house having a large four pane window","a quilt in a frame with houses, with the middle house having a small window towards the second floor.","ma","23024660","8"
"a quilt picture in a frame with a gray house with a large four paned window on the front.","a quilt picture in a frane with a gray house with a small four panes window on the front.","ma","23024660","9"
"a display of wooden objects with a quilted picture in the background showing a house in the middle with a large window","a display of wooden objects with a quilted picture in the background showing a house in the center with a small window.","ma","23024660","10"
"an assortment of house themed knick-knacks including a framed quilted picture featuring a house with a large window","an assortment of house themed knick-knacks including a framed quilted picture featuring a house with a small window","ma","23024660","11"
"there are notebooks, stationery, glues, scissors and a yellow small notebook on the top right corner","there are notebooks, stationery, glues, scissors and a red small notebook on the top right corner","ma","23199105","1"
"a picture of a crowded room with lots of stationary scattered throughout, including a yellow notebook in the upper right corner.","a picutre of a messy room with lots of stationary scattered throughout, including a red notebook in the upper right corner.","ma","23199105","2"
"a table full of arts and crafts materials the paper in the yellow box in this picture is yellow.","a table full of arts and crafts materials the paper in the yellow box in this picture is red.","ma","23199105","3"
"the book is yellow in color","the picture is red in color","ma","23199105","4"
"an yellow color books are visible","an red color books are visible.","ma","23199105","5"
"here its a yellow color","here it's a red color","ma","23199105","6"
"a very messy craft table with a bright yellow book on top of a stack","a very messy craft table with a bright red book on top of a stack","ma","23199105","7"
"a messy table of books and crafts. a bright yellow book stands out in the corner","a messy table of books and crafts. a bright red book stands out in the corner","ma","23199105","8"
"craft project material and pictures","craft project materials and items to use","ma","23199105","9"
"bigger quarter moon above bed","smaller quarter moon above bed","ma","24383097","1"
"a blue bedroom with blue stars and a large moon lamp.","a blue bedroom with blue stars and a small yellow moon lamp.","ma","24383097","2"
"a child's bed sits in a blue room, below a shelf, and a background filled with blue stars and a long moon.","a child's bed sits in a blue room, below a shelf, and a background filled with blue stars, and a regular sized moon.","ma","24383097","3"
"a changing table against a blue wall with a larger sun light","a changing table against a blue wall with a smaller sun light","ma","24383097","4"
"a childs bedroom decorated with stars and a large moon","a childs bedroom decorated with stars and a small moon","ma","24383097","5"
"a blue decorated nursery wall with a large yellow moon","a blue decorated nursery wall with small yellow moon lamp","ma","24383097","6"
"there are four elephant keychains magneted to a white board with foreign language words and the last word on the second last row ends with 'i'","there are four elephant keychains magneted to a white board with foreign language words and the last word on the second last row is 'des'","ma","25107991","1"
"a picture of a wall with elephant keychains, an elephant painting, and a sign.","a picture of a wall with elephant keychains, an elephant painting, and a sign with the word 'des'","ma","25107991","2"
"a purple elephant magnet fridge there are no words in the yellow box in this picture.","a purple elephant magnet fridge there is the word des in the yellow box in this picture.","ma","25107991","3"
"four elephant keychains hanging from a wall and a green square.","four elephant keychains hanging from a wall with a green backdrop lettering and des in the box.","ma","25107991","4"
"keychains on a poster","keychains on a poster with the word des","ma","25107991","5"
"elephant keychains laying on a table cloth with french writing ","elephant keychains laying on a tablecloth with the french word des emphasized","ma","25107991","6"
"a retro looking bar booth with framed darts on the wall","a retro looking bar booth with framed darts on the wall","ma","27857618","1"
"a section of a restaurant, with a billiard table moved to the bottom of a frame","a section of a restaurant, with a billiard table moved to the middle of the frame","ma","27857618","2"
"a cafe with a red leather padded bench and wood table with a dart board above it on a green square. the dart board is on the lower portion of the square","a cafe with a red leather padded bench and wood table with a dart board centered above on a green square","ma","27857618","3"
"a seat and table in a pub with a framed dartboard on the wall hanging low in the frame","a seat and a table in a pub with a framed dartboard on the wall hanging high in the frame.","ma","27857618","4"
"darts board placed at the bottom on the wall","darts board placed at the middle on the wall","ma","27857618","5"
"a game room with a long tufted red couch and a table and a wooden stool","a game room with a long tufted red couch and a table and a dart board on the wall and a wooden stool","ma","27857618","6"
"a yellow apple on a tapestry.","a red apple on a tapestrty","ma","3099758","1"
"a quilt with handprint designs on it lays on a wooden background, with a golden apple in the bottom middle square.","a quilt with handprint designs on it lays on a wooden background, with an orange apple in the bottom middle square.","ma","3099758","2"
"a blanket with children's handprints and a fruit tile including a green apple","a blanket with chiden's handprints and fruit tile including and orange apple","ma","3099758","3"
"a quilt, with blue, red and apple handprints on the sides. the bottom center has an image of a green apple","a quilt, with blue, red and apple handprints on the sides. the bottom center has an image of an orange apple","ma","3099758","4"
"a quilt with pictures of hand prints and a yellow apple","a quilt with pictures of hand prints and a red apple","ma","3099758","5"
"a picture of a desk with a laptop and a desktop monitor. the monitor shows a banner for a website.","a picture of a desk with a laptop and a desktop monitor. half of the monitor is filled with a website with a small banner at the top.","ma","31236119","1"
"the picture is large","the picture is small","ma","31236119","2"
"a desk with a computer whose monitor displays a wide band graphic at the top.","a desk with a computer whose monitor displays a graphic at the top that stretches about seventy five percent of the width of the screen.","ma","31236119","3"
"a desk with a computer and display. there is a dark reflection in the box","a desk with a computer and display. there is an even larger dark reflection in the box","ma","31236119","4"
"an yellow color star symbol will be slightly rotated.","an yellow color star symbol will be attached perfectly.","ma","32289063","1"
"the star in the middle was turn upside down here","the start here is the real star","ma","32289063","2"
"a stuffed toy box with a yellow star at an angle.","a stuffed toy box with a yellow star oriented in a straight way.","ma","32289063","3"
"a birthday cake with a toybox and toys in it. the star is upside down .","a birthday cake with a toybox and toys in it. the star is rightside up","ma","32289063","4"
"a toybox featuring an upside down golden star.","a toybox featuring a right side up golden star.","ma","32289063","5"
"a children's toy set including a set of different toys in a wooden box with a five pointed star that is pointed down","a children's toy set including a set of different toys in a wooden box with a five pointed star that is pointed up","ma","32289063","6"
"a toy box cake with toys on top with a lid and the name rolly with a sideways star below the name","a toy box cake with toys on top with a lid and the name rolly with a straight facing star below the name","ma","32289063","7"
"a cake decorated like a toy box with an off centered yellow star in the middle","a cake decorated like a toy box with centered yellow star in the middle","ma","32289063","8"
"an overflowing toybox with a name on the front and a tilted yellow star underneath.","an overflowing toybox with a name on the front and a centered yellow star underneath. ","ma","32289063","9"
"a small display piece in the form of a toybox with an askew star on the front","a small display piece in the form of a toybox with a traditionally formed star on the front","ma","32289063","10"
"a picture of various dimetrodon toys including a small silver one","a picture of dimetrodon toys of various colors and sizes, including a small, silver toy at the bottom center.","ma","38466626","1"
"multiple toys. the one in the front is skewing towards the green toy","multiple toys. the one in the fron is skewing near the red one.","ma","38466626","2"
"12 small plastic toy dinosaurs all facing to the left.   one of those dinosaurs is smallest and is white in color.  it is to the left of the yellow box. ","12 small plastic toy dinosaurs all facing to the left.  one of those dinosaurs is the smallest and is white in color.  it is to the right of the yellow box.  ","ma","38466626","3"
"the animal is in front here","the animal is at the back here ","ma","38466626","4"
"12 various toy dinosaurs ranging from tiny to big","12 various toy dinosaurs ranging from tiny to big","ma","38466626","5"
"toy dinosaurs sorted in line large in the back to the smallest in the front. the smallest silver one is in line in the front ","toy dinosaurs sorted in line, large in the back to the smallest in the front. the smallest silver one is slightly out of line ","ma","38466626","6"
"their is a grey color round shade available on outside of photo frame.","their is no shaded available on outside of photo frame.","ma","38546029","1"
"there's a cirlce inside the yellow box","there's nothing here in the yellow box","ma","38546029","2"
"a shelf arrangement with 2 flower vases, some other knicknacks, pictures of children, and a board with 2 silver circles in it ","a shelf arrangement with 2 flower vases, some other knicknacks, pictures of children, and a board with 1 silver circle in  it ","ma","38546029","3"
"a brown shelf on a tan wall with two flower displays, a photo, and a book with a blue dot on it","a brown shelf on a tan wall with two flower displays, a photo, and a brown book","ma","38546029","4"
"two flowers and a few picture frames, with on that has two dots on it","two flowers and a few picture frames, with one that has one dot on it","ma","38546029","5"
"a decorated shelf including a brown board with a circle on the top and bottom","a decorated shelf including a brown board with a circle on the top","ma","38546029","6"
"a decorated shelf with vases and picture frames with the larger frame having a circle detail on the bottom","a decorated shelf with vases and pictures","ma","38546029","7"
"a wooden picture frame with a dot on the bottom","a wooden picture frame without a dot on the bottom","ma","38546029","8"
" at the photo stand, white dot is present","there is no dot available on photo stand","ma","38546029","9"
"a wooden decorative memento decorated with two colorful circles sitting on a shelf along with other meaningful items","a wooden decorative memento decorated with one colorful circle sitting on a shelf along with other meaningful items","ma","38546029","10"
"a picture of a woodcarving desk featuring a piece with waves in the center","a picture of a woodcarving desk featuring a new piece","ma","42429798","1"
"wood carved symbol with a squigly print. in top upper right hand corner","wood carved symbol with no squicly print in the top upper right hand corner.","ma","42429798","2"
"a round wood carving with a mostly filled-in circle of designs.","a round wood carving with one quadrant more empty than the other three.","ma","42429798","3"
"a cluttered table with wood carving tools and an image that has a swirl above the circle","a clutered table with wood carving tools and an image with a blank space above the circle","ma","42429798","4"
"a circular wood etched symbolic art piece on a carving table with a squiggly symbol on the top right of the circle","a circular wood etched art piece on a carving table with a blank top right of the circle.","ma","42429798","5"
"a wooden table with a piece of art made out of wood and pipes","a wooden piece of art on a table with pipes","ma","42429798","6"
" a wood carving of an abstract tree with 11 squiggly branches ","a wood carving of an abstract tree with 10 squiggly branches","ma","42429798","7"
"an ornately decorated wooden design that has a squiggly line carved in it in one place","an ornately decorated wooden design that has plain wood in one place amongst squiggly carved lines","ma","42429798","8"
"a wooden symbol with eleven wave cravings.","a wooden symbol with ten wave cravings.","ma","42429798","9"
"a table with a computer and a box on the top shelf with label on the bottom of the box","a table with a computer and a box on the top shelf with label on the top of the box","ma","4247084","1"
"an old computer desk set up in an office with oddly labeled shelfed containers","an old computer desk set up in an office with evenly labeled shelfed containers","ma","4247084","2"
"an old computer sits on a desk, next to a tablet, and above it sits a shelf filled with items, including a half filled bin.","an old computer sits on a desk, next to a tablet, and above it sits a shelf filled with items, including a fully filled bin.","ma","4247084","3"
"a desk with a computer and whiteboard with shelves on the wall behind. on the shelf is a pair of labeled bins. one bin has the label on the lower half.","a desk with a computer and whiteboard with shelves on the wall behind. on the shelf is a pair of labeled bins with both labels on the top edge.","ma","4247084","4"
"a desk containing a computer with two shelves above it. the second shelf has two clear labelled boxes, one with a label at the top and one with the label at the bottom","a desk containing a computer with two shelves above it. the second shelf has two clear labelled boxes, both with the label at the top","ma","4247084","5"
"a computer desk with a computer a tablet office supplies and a bin with a label in the middle of the front of the bin","a computer desk with a computer a tablet office supplies and a bin with a label on the top of the front of the bin","ma","4247084","6"
"an office with a file box on a shelf with the label at the bottom","an office with a file box on a shelf with the label at the top","ma","4247084","7"
"office desk with shelving onthe wall that holds two plastic containers, one  labelled high and one low.","office desk with shelving on the wall that holds two plastic containers, both with labels near their top.","ma","4247084","8"
"various holiday cookies in red green and blue with holiday shapes and a red cookie with a white snow flake in the center.","various holdiay cookies in red green and lbue with holiday shapes and a red cookie with a white snow flake tilted too the right.","ma","44993860","1"
"beautifully decorated cookies laying in a platter on a table clothed table.  one of the cookies in the yellow box has a print of a snowflake and it is angled to the side.it is also red.","beautifully decorated cookies laying on a platter on a table clothed table.  one of the cookies in the yellow box has a print of a snowflake and is centered on the red cookie.","ma","44993860","2"
"a bunch of christmas cookies sit on a plate. the cookie in the bottom right corner has a small snowflake design.","a bunchof christmas cookies sit on a plate. the cookie in the bottom right corner has a large snowflake design.","ma","44993860","3"
"festive christmas cookies featuring tree, present and snowflake shapes","festive chirstmas cookies featuring tree, present and snowflake shapes","ma","44993860","4"
"a plate of christmas cookies with a square snowflake cookie.","a plate of christmas cookies with a diamond-shaped snowflake cookie.","ma","44993860","5"
"a pencil and a hammer are put in front of a green plastic box like structure on a wooden board surrounded by four wooden panels.","a hammer is put in front of a green plastic box like structure on a wooden board surrounded by four wooden panels.","ma","45525109","1"
"a table with two wood projects a plastic container, rag, glue, hammer and pencils","a table outside with two wood projects, a hammer, a green plastic container, one pencil, rag, glue","ma","45525109","2"
"a work bench with a variety of tools including a pencil and a hammer.","a work bench with a variety of tools including a hammer.","ma","45525109","3"
"a hammer sits on a table, next to a yellow squirt jar, a cloth, and an open box. next to the hammer appears to be a pencil.","a hammer sits on a table, next to a yellow squirt jar, a cloth, and an open box. there appears to be nothing sitting directly next to the hammer.","ma","45525109","4"
"art supplies on a table that has a pencil next to a hammer","art supplies on a table that does not have a pencil next to a hammer","ma","45525109","5"
"woodworking tools with a hammer and pencil on the table","woodworking tools with a hammer and no pencil on the table","ma","45525109","6"
"a pantry area in a home kitchen","a small container in a pantry. i'm guessing it contains tea","ma","46475259","1"
"an organized kitchen pantry with a variety of jars including one with a pink label.","an organized kiten pantry with a variety of jars including one with a yellow label.","ma","46475259","2"
"a pot contains a pink color with brown shade design","a pot contains a yellow color with green shade design.","ma","46475259","3"
"ingredients on shelves for various coffees and teas, including one red container with red emblem on the front","ingredients on shelves for various coffees and teas, including one green container with yellow emblem on the front","ma","46475259","4"
"jars filled with seasonings and other kitchen goods sits on a shelf, while one in the bottom center has a red label.","jars filled with seasonings and other kitchen goods sits on a shelf, while one in the bottom center has a green label.","ma","46475259","5"
"country style kitchen pottery line shelves including a pink label on a white crock","country style kitchen potter line shelves including a yello label on a white crock","ma","46475259","6"
"a brown cake with face features  and a yellow mouth is put next to a big red cake on a bakery shelf.","a brown cake with face features and a red mouth is put next to a big red cake on a bakery shelf.","ma","46635293","1"
"a chocolate cake with a brown smiley face.","a chocolate cake with a red smiley face.","ma","46635293","2"
"a birthdaychristmas arrangement with various gifts and desserts, including a chocolate cake with an orange smiling face","a birthday or christmas arrangement with various gifts and desserts, including a chocolate cake with a red smiling face  ","ma","46635293","3"
"a display window containing many cakes including a black cake with a yellow smile","a display window containing many cakes includinga black cake with a red smile","ma","46635293","4"
"a display of colorful cakes and treats. one cake is a large smiling face with a yellos mouth.","a display of colorful cakes and treats. one cake is a large smiling face with a red mouth.","ma","46635293","5"
"a smily cake with a gold mouth","a smily cake with a red mouth","ma","46635293","6"
" a selection of cakes and pastries are on display. a cake in the foreground has a face with a yellowing smiling mouth","a selectin of cases and pastries are on display. a cake in the foreground has a face with a red smiling mouth","ma","46635293","7"
"a bakery full of sweet including a face cake with a yellow mouth","a bakery full of sweets including a face cake with a red mouth","ma","46635293","8"
"cakes and cookies displayed on a table with one cake having a face with a big brown smile","cakes and cookies displayed on a table with one cake having a face with a big red smile","ma","46635293","9"
"a display case with various desserts","a display case with various cake items and one cake has a smiley face that has pink lips","ma","46635293","10"
"many baked goods and confections, including a chocolate cake with a yellow smile, displayed in a shop window","many baked goods and confections, including a chocolate cake with a red smile, displayed in a shop window","ma","46635293","11"
"multiple toys. the toy in the front has pink legs.","multiple toys. the toy in the front has blue legs","ma","48384711","1"
"a group of small plushies of many different colors","the legs of a blue plushy","ma","48384711","2"
"small plastic toys resembling bunny rabbits and this particular one has pink legs.","small plastic toys resembling bunny rabbits and this particular one has blue legs. ","ma","48384711","3"
"a group of colorful toys is led by a pink legged purple toy","a group of colorful toys is led by a purple toy","ma","48384711","4"
"a set of cartoon figurines with the character in the front having pink legs","a set of cartoon figurines with the character in front having blue legs","ma","48384711","5"
"a collection of bunny figurines with one sporting pink legs.","a collection of bunny figurines with one sporting blue legs to match its ears.","ma","48384711","6"
"a set of creatively modeled rabbit figures. the front one has blue ears and pink feet.","a set of creatively modeled rabbit figures. the front one has blue ears and blue feet.","ma","48384711","7"
"6 toys on the floor with the pink one in the front","6 toys on the floor with the purple one in the front","ma","48384711","8"
"a group of action figures with a bunny with pink feet in the front","a group of acton figures with a bunny with purple feet in the front","ma","48384711","9"
"a group of six toys where the one in the front has pink legs","a group of six toys where the one in the front has purple legs","ma","48384711","10"
"first toy has pink legs","front toy has blue legs","ma","48384711","11"
"a beautiful rabbit doll with purple legs and bunch of toys.","a beautiful rabbit doll with blue legs and bunch of toys.","ma","48384711","12"
"a large rectangle of sushi rice on a sushi platter","a smaller rectangle of sushi rice on a sushi platter","ma","48486405","1"
"sushi dish with a long piece of white sushi","sushu dish with a white short piece of sushi","ma","48486405","2"
"a plate of sushi with a long strip of rice.","a plate of suski with a short strip of rice.","ma","48486405","3"
"a plate of sushi rolls","a plate of sushi rolls","ma","48486405","4"
"a tray of sushi with a long roll in the bottom-center.","a tray of sushi with a medium-sized toll in the bottom-center.","ma","48486405","5"
"a block of sticky rice surrounded by sushi","a tidy block of sticky rice surrounded by sushi","ma","48486405","6"
"18 sushi treats, and they all have some sort of seaweed","18 sushi treats,only 17 of which include seaweed","ma","48486405","7"
" a table with with cheese, crackers, preztles and twelve devil eggs","a table with cheese and crackers on a white dish, twelve devil eggs, a clear bowl with preztles","ma","51537628","1"
"a snack setup that has a variety of food including deviled eggs the deviled egg in the yellow box is turned vertically in this picture.","a snack setup that has a variety of food including deviled eggs the deviled egg in the yellow box is turned horizontally in this picture.","ma","51537628","2"
"food table. egg on the back has less cheese","food table. egg on the back has more cheese.","ma","51537628","3"
"the picture contains the egg with little east","the picture contains the egg with high east","ma","51537628","4"
"a egg shape with smaller size and less ingredient has been added","a egg shape with larger size and maximum amount of ingredient has been added.","ma","51537628","5"
"a table filled with nuts, crackers, cheese, and deviled eggs.  one of the eggs has less filling.","a table filled with nuts, crakcers, cheese, and deviled eggs.  one of the eggs has more filling.","ma","51537628","6"
"a orange table with crackers and dip, a bowl of pretzels, and a green plate of deviled eggs","a orange table with crackers and dip, a bowl of pretzels, and a green plate of deviled eggs","ma","51537628","7"
"a table of appetizers consisting of a tray of deviled eggs. the furtherst egg being pointed directly staight ahead","a table of appetizers consisting of a tray of deviled eggs. the furtherst eggs is pointed sideways ","ma","51537628","8"
"the picture is large","the picture is small","ma","51856108","1"
"a wall of kids artwork in  a child's room","a colorful painting in a child's room","ma","51856108","2"
"a photo frames with square shape.","a photo frames with rectangle shape.","ma","51856108","3"
"a wall of artwork with the left most piece hanging horizontal","a wall of artwork with the left most piece hanging vertically","ma","51856108","4"
" 20 pictures, all of different sizes, and the left-most one is square","20 pictures, all of different sizes, and the lleft-most one is rectangle","ma","51856108","5"
"pumpkins and coffee theres a man sitting in the back with a blue shirt the pumpkin with the yellow box has its nose slightly lowered than the other picture.","pumpkins and coffee theres a man sitting in the back with a blue sihrt the pumpkin with the yellow box has its nose slightly above the other picture.","ma","55174490","1"
"halloween decoations along with mugs, the nose of the orange pumpkin is near the mouth.","halloween decorations along with mugs and a magazine.the nose on the orange pumpkin is closer to the eyes and centered.","ma","55174490","2"
"a man sitting at a table with halloween decorations including an orange pumpkin with a nose near its mouth","a man sitting at a table with halloween decorations including an orange pumpkin with a nose near its eyes","ma","55174490","3"
"some coffee mugs and pumpkins. one pumpkin has its nose closer to its mouth.","some coffee mugs and pumpkins. one pumpkin has its nose closer to its eyes.","ma","55174490","4"
"a person at a table with coffee and two halloween pumpkins with a nose right above the mouth on the orange pumpkin","a person at  table with coffee and two halloween pumpkins with a nose right near the eyes on the orange pumpkin","ma","55174490","5"
"an orange pumpkin face with a triangle nose placed quite low. ","an orange pumkin face with a triangle nose placed quite high.","ma","55174490","6"
"there are a pile of rocks to the right of the flowers and the rock to the rightmost of the picture is grey","there are a pile of rocks to the right of the flowers and the rocks to the rightmost of the picture are sandy or brown.","ma","56835136","1"
"a picture of a desk with flowers and a pile of stones that stick out a little.","a picture of a desk with flowers and a pile of stones.","ma","56835136","2"
"a table centerpiece with flowers and stones","small, smooth river stones on a table centerpiece","ma","56835136","3"
"a white desk with a small wooden plank in the middle with a a brown disk orange flowers and a pile of rocks with a rock on the right.","a white desk with a small wooden plank in the middle with a brown disk, orange flowers, and a pile of rocks with no rock on the right.","ma","56835136","4"
"there's a peable there ","there's none here","ma","56835136","5"
"bright orange flowers on a wooden board with a pile of stones, two being identical","bright orange flowers on a wooden board with a pile of stones, none being identical","ma","56835136","6"
"there's a violin box here","there's nothing here ","ma","57861456","1"
"a black lamp sits in the middle of a room on a table, while 6 musical instruments sit above it.","a black lamp sits in the middle of a room on a table, while 5 musical instruments sit above it.","ma","57861456","2"
"an orange room with a wall of instruments","an orange room with a wall of instruments","ma","57861456","3"
"a wall with five stringed instruments, a lamp and a table.","a wall with four stringed instruments, a lamp and a table.","ma","57861456","4"
"seven instruments line an orange wall","six instruments line an orange wall","ma","57861456","5"
"an orange room with violins on the walls the small, skinny violin in the box is a duplicate of the one to the left of it","an orange room with violins on the walls. there is no violin in the box, only the one to the left of the box.","ma","57861456","6"
"a room with seven musical insturments on the wall","a room with six musical insturments on the wall","ma","57861456","7"
"a white table with candies, cookies, cupcakes and other goodies","a white table with cupcakes, candies in jars, cookies and other goodies","ma","61118260","1"
"a crooked label on a jar of candy","a straight label on a jar of candy.","ma","61118260","2"
"the shape here is slanted","the shape here is in horizontal shape","ma","61118260","3"
"a bunch of candies and pink treats with horizontal labels, except onea ","a bunch of candies and pink treats with all perfectly horizontal labels","ma","61118260","4"
"a white table with pink treats and a jar with a crooked label","a white table with pink treats and the jars all have straight labels","ma","61118260","5"
"in the seond bottle at the right side, sticker is pasted on opposite side","in the second bottle at te right side, sticker placed at correct side","ma","61118260","6"
"deer near a wall of numbers. all numbers are vertical except number 6","deer near a wall of numbers. all numbers are vertical.","ma","62096551","1"
"deer coin holder with a bunch of labels with numbers and a side ways six to the left","deer coin holder with a bunch of labels with numbers and a side ways six to the right","ma","62096551","2"
"a blue lamb surrounded by wooden numbered squares with a tilted 6","a blue lamb surrounded by wooden numbered squares with a straight 6","ma","62096551","3"
"a figure of a donkey sits near a card with a number 2 on it, and a white card with flowers on it. it is surrounded by numbers, including a sideways number 6.","a figure of a donkey sits near a card with a number 2 on it, and a white card with flowers on it. it is surrounded by numbers, including a normal number 6.","ma","62096551","4"
"an old time advent calendar, they painted the 6 crooked","an old time advent calendar, they painted the 6 straight","ma","62096551","5"
"a wooden calendar with numbers drawn on. the six is crooked slightly drawn to the left","a woode calendar with numbers drawn on. the six is straight like the other numbers","ma","62096551","6"
"a table with three cups and plates, a candle holder, and two containers, and two bowls with handles.","a table with three cups and plates with a spoon, a candle holder, two containers and two bowls with handles.","ma","62224663","1"
"a yellow bowl with a light green inside.","a yellow bowl with a beige colored inside","ma","62224663","2"
"a variety of ceramic household items","a yellow ceramic soup bowl","ma","62224663","3"
"a yellow color  bowl with green shaded are available inside.","a yellow color bowl with cream chaded are available inside","ma","62224663","4"
"a tea set with multiple cups, including a yellow cup with green interior ","a tea set with multiple cups, including a yellow cup with a tan interior ","ma","62224663","5"
"a pile of decorative dishes. a blue bowl rests at the bottom while a yellow bowl with a green interior sits in top","a pile of decorative dishes. a blue bowl rests at the bottom while a yellow bowl with and white interior sits on top","ma","62224663","6"
"a green inner lined bowl sits with other dishes on a table","a creamy inner lined bowl sits with other dishes on a table","ma","62224663","7"
"various ceramic items on a wood tabletop. the pan in the box has a green interior","various ceramic items on a wood tabletop. the pan in the box has a pink interior.","ma","62224663","8"
"a bunch of old cups and fancy china with a green bowl.","a bunch of old cups and fancy china with a yellow bowl","ma","62224663","9"
"various pieces of china include a yellow bowl with green paint inside","various pieces of china including a yellow bowl with white paint inside","ma","62224663","10"
"a picture of a outside table set up for lunch.","a picture of an outside table set up for lunch with forks and knives.","ma","67862299","1"
"a napkin on a dining table.","silverware on a dining table","ma","67862299","2"
"an outdoor dining table arrangement with 9 place completely set for dining and 1 place missing its plate and silverware","an outdoor dining table arrangement with 9 places completely set for dining and 1 place missing its plate ","ma","67862299","3"
"a round table outdoors with a gray tablecloth, and cutlery set up with drink glasses with pink cloth napkins","a round table outdoors with a gray tablecloth, and cutlery set up with drink glasss with pink cloth napkins","ma","67862299","4"
"an outdoor party with table set and missing a setting","an outdoor party with table set and all the flatware in place","ma","67862299","5"
"a bunch of pink napkins in cups, and plates with forks next to it, except one","a bunch of pink napkins in cups, and plates that all have forks next to them","ma","67862299","6"
"a picture showing stamps laid out on a grid. one of the stamps shows the phone number and webstie separated with a lot of whit space.","a picture showing stamps laid out on a grid. one of the stamps shows the phone number and website of a company close together","ma","69128765","1"
"the writing is at the bottom","the writing is at the top","ma","69128765","2"
"rows of business cards with a website at the bottom of the card","rows of business cards with the website under the phone number","ma","69128765","3"
"business cards with a website on it","business cards without a website on them","ma","69128765","4"
"a black and white checker pattern displaying cards that have brands and addresses. one such card has a web url a the bottom of the card.","a black and white checker pattern displaying cards that have brands and addresses. one card has a web url placed directly under the phone number.","ma","69128765","5"
"a website address located under a phone number with large spacing","a website address located under a phone number with no spacing","ma","69128765","6"
"a checkerboard sheet containing a set of contact information and titles of a company with the website on the bottom of the square.","a checkerboard sheet containing a set of contact information and titles of a company with the website in the middle of the square","ma","69128765","7"
"a wooden piece of art of squares with a business address and phone number","a wooden piece of art that has squares with address and phone numbers in them","ma","69128765","8"
"an array of brand logos and business addresses with one on the left showing a web address near the bottom","an array of brand logos and business addresses with one on the left showing a web address directly under a phone number.","ma","69128765","9"
"website is placed at the bottom cornoer box","website name is placed at the correct position","ma","69128765","10"
"a display for a business that contains the business address and brand oak 63","a display for a business that contains the business address and web address allong with the phone number and the brand oak 63","ma","69128765","11"
"a green and red quilt of squares of various shades of green and red.","a green and red quilt hanging on a white wall. the squares are various shades of green and red.","ma","70687495","1"
"a green white and red checkered quilt with a pink patch in the yellow box.","a green white and red checkerd quilt with a white patch in the yellow box.","ma","70687495","2"
"a red and green checkered cloth hangs on a wall, and the third row is white, red, red, red, red, red, red, red, and red.","a red and green checkered cloth hangs on a wall, and the third row is white, red, red, red, red, white, red, red, and red.","ma","70687495","3"
"a red and green quilt with a medium red square in the yellow box","a red and green quilt with a light pink square in the yellow box","ma","70687495","4"
"a red, white and green quilt. the segment in the box is red","a red, white and gree quilt. the segment in the box is peach colored.","ma","70687495","5"
"a quilt with various square patterns, with one section being a ligher shade of red.","a quilt with various rectangular patterns with one section being a light shade of orange.","ma","70687495","6"
"a sheet wtih green and red element where their cross-section is red","a sheet with green and red element where their cross-section is pink","ma","70687495","7"
"a striped material blanket of red, green, and white with a red dotted square on the right center","a striped material blanket of red, green, and white with a peach square on the right center","ma","70687495","8"
"a quilt with green, grey and red checks that repeat on the fourth row as light, dark, medium, and dark","a quilt with green, grey, and red checks that repeat on the fourth row as light, dark, light, dark","ma","70687495","9"
"a plate of halloween themed candies","a candy baty decoration on a larger halloween themed candy","ma","72488522","1"
"halloween decorations including an orange bat","halloween decorations including an orange bat on the cat","ma","72488522","2"
"a hello kitty halloween decoration with an orange bat tilted right on her coat","a hello kitty halloween decoration with an orange at tilted left on her coat","ma","72488522","3"
"a bunch of halloween play-dough objects, one of which has a bat turned to the right on it's chest","a bunch of halloween play-dough objects, one of which has a bat turned the left on it's chest","ma","72488522","4"
"a plate containing fondant halloween decorations including a hello kitty with an orange bat looking towards the left","a plate containing fondant halloween decorations including a hello kitty with an orange bat looking towards the right","ma","72488522","5"
"halloween fondant decorations featuring hello kitty dressed as a cat with an orange bat angled to the right on her outfit","halloween fonant decorations featuring hello kitty dressed as a cat with an orange bat angled to the left on her outfit","ma","72488522","6"
"an orange bat with its left wing pointing down","an orange bat with its right wing pointing down","ma","72488522","7"
"a set of candies on a table that are halloween themed with an orange bat tilted right","a set of candies on a table that are halloween themed with an orange bat tilted left","ma","72488522","8"
"a cake is decorated with halloween themed figures including a kitty in black with a bat pin tilted to the right","a cake is decorated with halloween themed figures including a kitty in black with a bat pin tilted to the left","ma","72488522","9"
"a hallowween cake with a kitty and a yellow bat on its hip","a halloween cake with a kitty and a yellow bat on the middle right of outfit","ma","72488522","10"
"a piece of candy that looks like hello kitty dressed up for halloween with a bat angled upwards to the right adorning the costume with other pieces of candy on a plate. ","a piece of candy that looks like hello kitty dressed up for halloween with a bat andgled upwards to the left adorning the costume with other pieces of candy on a plate.","ma","72488522","11"
"halloween themed candies with a cat that has a right-tilted orange bat on its chest.","halloween themed candies with a cat that has a left-tilted bat on its chest.","ma","72488522","12"
"there are six small decors and a blue cushion on the green table and the pattern on the top left corner of the cushion is a pink butterfly","there are six small decors ad a blue cushion on the green table and the pattern on the top left corner of the cushion is a red strawberry","ma","73637203","1"
"a grey-green metal chair with a pillow on the back of the chair that has fruit and butterflies on it. there are several christmas decorations on the seat of the chair","a grey-green metal chair with a pillow on the back of the chair with pink butterflies and red strawberries, cherries and apples on the seat of the chair are christmas decorations","ma","73637203","2"
"the picture contain the butterfly","in the pillow the picture is strawberry","ma","73637203","3"
"butterfly pillow with fruit on it","strawberry pillow with butterflys on it","ma","73637203","4"
"a chair cover with a pink butterfly at the top left","a chair cover with a red strawberry at the top left","ma","73637203","5"
"a pillow on an outdoor table with a pink butterfly in the upper left hand corner","a pillow on an outdoor table with a strawberry in the upper left hand corder","ma","73637203","6"
"a beautiful good looking blue pillow with two strawberries and five butterflies pics on it.","a beautiful good looking pillow with three strawberries and four butterflies pics on it.","ma","73637203","7"
"garden seat with six decorative emblems laid upon it in addition to a pillow featuring a printed butterly and strawberry in its upper left corner","garden seat with six decorative emblems laid upon it in addition to a pillow featuring two printed strawberries in its upper left corner","ma","73637203","8"
"a picture of a shelf with books, bird statues, and two clocks shaped like ship wheels.","a picture of a shelf with books, bird statues, and two clocks shaped like ship wheels.","ma","74173745","1"
"a wooden shelf with books,bird statues and guages with a dial pointing to the upper left.","a wooden shelf with books, bird statues and guages with a dial point to the right.","ma","74173745","2"
"a bookshelf with books, trinkets and wooden birds. the clock in the box is at 1130 orientation","a bookshelf with books, trinkets and wooden birds. the clock in the box is at 200 orientation","ma","74173745","3"
"a clock pointing at 11 o clock","a clock pointing at 2 o clock","ma","74173745","4"
"a wooden shelf with a variety of books and objects and a glass clock at 11 oclock","a wooden shelf with a variety of books and objects and a glass clock at 2 oclock","ma","74173745","5"
"a book shelf containing teo compasses pointing north","a book shelf with one compass pointing north and one pointing north east","ma","74173745","6"
"a shelf which displays objects including two instruments with their needles pointing upward","a shelf which displays objects including two instruments, one with its needle pointing up and the other with its needle pointing slightly to the right.","ma","74173745","7"
"a wooden bookshelf containing books, a shell and a duck","a wooden bookshelf containing books, a shell, a barometer and a duck.","ma","74173745","8"
"a neatly arranged showcase with a compass pointing north.","a neatly arranged showcase with a compass pointing west.","ma","74173745","9"
"there are 15 cookies on the plate and the brown face cookie at south west direction has its hair facing north east.","there are 15 cookies on the plate and the brown face cookie at south west direction has its hair facing north west.","ma","75081153","1"
"a reindeer cookie on a plate","a reindeer cookie amang other christmas cookies","ma","75081153","2"
"a white plate with small colorful clay winter characters including a reindeer facing left","a white plate with small colorful clay winter charatcers including a reindeer aligned straight","ma","75081153","3"
"a set of christmas figures made of fondant on a plate with one reindeer pointing towards the left","a set of christmas figures made of fondant on a plate with one reindeer pointing towards the bottom of the image","ma","75081153","4"
"decorated cookies with a reindeer at an angle  ","decorated cookies with a reindeer straight on the plate","ma","75081153","5"
"all different types of what resembles painted rocks.  in the yellow square there is a heart shape rock that is yellow with red dots.  it is turned so that the point of the heart is facing to the right","all different type of what resembles painted rocks.  in the yellow square there is a heart shape rock that is yellow with red dots.  it is turned so that the point of the heart is almost facing completlely down.","ma","75958241","1"
"a wooden cutting board with jelly beans, earrings, and small colorful trays and heart shaped potatoes, rocks, and a mirror and necklace and a orange heart","a wooden cutting board with jelly beans, earrings, and smlall colorful trays and heart shaped potatoes, rocks, a mirror, necklace, and a orange heart","ma","75958241","2"
"a wooden tray of craft supplies with a yellow heart terned ninety degrees.","a wooden tray of craft supplies with a yellow heart turned diagonally.","ma","75958241","3"
"heart decorations and painted heart stones touching","heart decorations and painted heart stones","ma","75958241","4"
"a collection of heart shaped trinkets with an orange heart turned to the left.","a collection of heart shaped trinkets with an orange heart turned at 45 degree angle to the left","ma","75958241","5"
"a collection of heart shaped objects. four heart sculptures are at the bootom with an orange heart oriented 90 degrees to the left","a collection of heart shaped objects. four heart sculptures are at the bottom with an orange heart oriented 45 degrees to the left","ma","75958241","6"
"a collection of valentine sweets including a yellow heart with its top to the left","a collection of valentine sweets including a yellow heart tilted slightly to the left.","ma","75958241","7"
"assortment of heart themed objects, including a yellow heart with pink spots laying horizontally, sitting on a wooden board","assortment of heart themed objects, including a yellow heart with pink spots laying diagonally, sitting on a wooden board","ma","75958241","8"
"a platter of gourmet cupcakes","a fondant banner with someone's name on it","ma","77345858","1"
"eight pink-frosted cupcakes with a pink ribbon and the word 'gughlhof'","eight pink-frosted cupcakes with a pink ribbon and the word 'gugelhofe'","ma","77345858","2"
"pink cupcakes in a tower arrangement and letters spelling gughlhoh","pink cupcakes in a tower arrangement and letters spelling gugelhof","ma","77345858","3"
"cupcakes with the word 'gughlhof' on a ribbon","cupcakes with the word 'gugelhof' on a ribbon","ma","77345858","4"
"decorated cupcakes with ribbon fondant with the letter h in the center ","decorated cupcakes with ribbon fondant with the letter e in the center of the ribbon","ma","77345858","5"
"a bunch of cupcakes with an h in the midle","a bunch of cupcakes with an e in the middle","ma","77345858","6"
"a neatly arranged settin of pink frosted cupcakes with blue paper wrappers and the letter h along with a bunch of letters on a pink banner","a neatly arranged setting of pink frosted cupcakes with blue paper wrappers and the letter e along with a bunch of letters on a pink bannerg","ma","77345858","7"
"a bunch of cupcakes containing the letter h twice","a bunch of cupcakes containing the letter h once","ma","77345858","8"
"a plate of cupcakes with a pink iced ribbon in the front with the letters gughlhof.","a plate of cupcakes with a pink iced ribbon in the front with the letters gugelhof.","ma","77345858","9"
"a plate full of cupcakes with a pink sugar ribbon thet reads guglhof","a plate full of cupcakes with a pink sugar ribbon that reads gugelfoh","ma","77345858","10"
"ten sets of ice-creams with the brand name gughlhof.","ten sets of ice-creams with the brand name gugelhof.","ma","77345858","11"
"a table with a white table cloth 4 pears in a white bowl 2 candles and two containers a white ve with blue and white flowers are on the table","a table with a white table cloth, four pears in a white bowl, two candles,  two containers and a white vase with blue and white flowers in it.","ma","77574131","1"
"bunch of violet and cream flowers on a linen table cloth with a white bunch on the left","a bunch of violet and cream flowers on a linen table cloth with a violet bunch on the left","ma","77574131","2"
"a table with small glasses, a bowl of pears and flowers in the vase. the flowers in the box are green.","a table with small glasses, a bowl full of pears and flowers in the vase. the flowers in the box are purple.","ma","77574131","3"
"a table with dishes and a vase with yellow and blue flowers","a table with flowers and a lot of blue flowers with dishes","ma","77574131","4"
"a hydrangea arrangement with more green flowers.","a hydrangea arrangement with more blue flowers.","ma","77574131","5"
"a bouquet of flowers on a white table","a bouquet of white and purple flowers on a white table","ma","77574131","6"
"a well looking flower vase with a highlighted yellow flower.","a well looking flower vase wih a highlighted blue flower.","ma","77574131","7"
"food table with a green ribbon","food table with a brown ribbon","ma","77793328","1"
"a table full of gourmet baked goods","gourmet lollipops","ma","77793328","2"
"a variety of desserts including one that is tied wuth a green ribbon.","a variety of desserts inclusing one that is tied with a brown ribbon.","ma","77793328","3"
"a bakery display of cakes and treats, with a small white birthday cake with a green bow","a bakery display of cakes and treats with a small white birthday cake with a brown bow","ma","77793328","4"
"a table of desserts, in the center a green ribbon","a table of desserts, in the center a brown ribbon","ma","77793328","5"
"a decoratve band in green","a decorative band in brown","ma","77793328","6"
"a table with elegant desserts and flowere decorations","a table with delicious desserts and flowers and bows","ma","77793328","7"
"a table of cakes with a centerpiece that has a green ribbon","a table of cakes with a centerpiece that has a brown ribbon","ma","77793328","8"
"a crowded table of bakery items with a cake and candles that has a green ribbon tied around it.","a crowded table of bakery items with a cake and candles that has a broen ribbon tied around it. ","ma","77793328","9"
"an array of baked sweets displayed on a table with one sweet wrapped in a green sugar ribbon.","an array of baked sweet displayed on a table with two sweets wrapped in brown sugar ribbons.","ma","77793328","10"
"a table that has various types of desserts stacked upon it","a table with various types of desserts on it, one of tem has a chocolate bow and a clear container","ma","77793328","11"
"assortment of baked goods on a table, several of which feature a ribbion of either brown or green color","assortment of baked goods on a table, several of which feature a ribbon of brown color","ma","77793328","12"
"there are two rows of backpacks on a shelf with the eighth one on the top row being green, and a bicycle in front of them","there are two rows of backpacks on a shelf with the eighth one on the top row being black, and a bicycle in front of them","ma","79191795","1"
"two rows of maiboxes with a bike below it and a green mailbox.","two rows of mailboxes with a bike below it and a black mailbox with lettering.","ma","79191795","2"
"there's a green bag in the yellow box","there's a black bag in the yellow box","ma","79191795","3"
"a mountain bike in front of a variety of different colored mail boxes, predomnitaley  blue colored","a mountain bike in front of a variety of different colored mail boxes, with a black mailbox at its center","ma","79191795","4"
"a bike in front of multiple mailboxes. the mailboxes are all different colors. the one in the box is green.","a bike in front of multiple mailboxes. the mailboxes are all different colors. the one in the box is black.","ma","79191795","5"
"a green number 4 stiched on a baby blanket.a nu","a number 4 sewn onto a blanket","ma","79222679","1"
"a cloth with multiple letters. 4 appears closer to g","a cloth with multiple letters. number 4 appears closer to the edge","ma","79222679","2"
"an alphabet number blanket with a 4 beside the g","an alphabet nunber blanket with a 4 above the g","ma","79222679","3"
"the kercheif contains the number down","the kerchief the number up","ma","79222679","4"
"a blanket with letters and numbers stiched on. the green 4 is too close the the pink g","a blanket with letters and numbers stitched on. the green 4 is evenly spaced from the pink g now closer to the top of the blanket","ma","79222679","5"
"white blanket with dotted trim with the number 4 and some letters","white blanket with dotted trim with a green number 4 and some letters","ma","79222679","6"
"a picture of a wall painted with u2 stuff. the words 'u2' are painted on the center right portion of the wall.","a picture of a wall painted with u2 stuff. the words 'u2' are painted on the upper right corner of the wall.","ma","79241011","1"
"u2 decorations with targets and a small explosion in the bottom right corner the u2 in the yellow box is slightly lower than the other picture.","u2 decorations with targets and a small explosion in the bottom right corner the u2 in the yellow box is slightly higher than the other picture.","ma","79241011","2"
"black red and white wall with u21 written on it","colorful wall with tu21 on it","ma","79241011","3"
" a red decorated bedroom wall with the u2l next to the bullseye","a red decorated bedroom wall with the u2l to the right and slightly above the bullseye","ma","79241011","4"
"a room with a red wall and targets with u21 painted low","a room with a red wall and targets with u21 painted high","ma","79241011","5"
"a decorated bedroom the poster in the yellow box in longer than the other picture.","a decorated bedroom the poster in the yellow box is shorter in this picture.","ma","79573638","1"
"a bigger rectangle size photo frame are available.","a smaller rectangle size photo frame are available.","ma","79573638","2"
"a bohemian bedroom with a large abstract pink painting hanging","a bohemian bedroom with a small abstract pink painting hanging","ma","79573638","3"
"an eceltic decorated room with artwork hung on the wall with clothes pins, the center artwork being the largest and pink.","a decorated bedroom with artwork hung on the wall with string and clothes pins, the center artwork being pink.","ma","79573638","4"
"a bedroom, with a multi-colored bedspread, and posters hanging on the wall","a bedroom, with a multi-colored bedspread, and posters hanging on the wall. the poster in the center is shorter than the one on the left image.","ma","79573638","5"
"a circuit board with six silver connectors and several other electronic looking objects on the boards","there are two boards the one lying on the table has several electronic things and six various silver bars ","ma","8197559","1"
"a circuit board with various ciruits and a light up board in the back  with a long metal circuit in the front of the board.","a circuit board with various circuits and a light up board in the back with a short metal circuit in the front of the board.","ma","8197559","2"
"an electrical component with a metal handle approximately four inches in length","an electrical component with a metal handle approximately two inches in lenth","ma","8197559","3"
"an electronic board with 5 small metal rods in the center and 1 long metal rod","an electronic board with 6 sall metal rods in the center ","ma","8197559","4"
"a circuit board sits on a table, and there is a long metal piece in the middle bottom of it.","a circuit board sits on a table, and there is a short metal piece in the middle bottom of it, closer to the left side.","ma","8197559","5"
"transistors and bits and bops on a board, one rod longer than others","transistors and bits and bops on a board, all the rods are average in length","ma","8197559","6"
"a circuit board with six wires sitting parallel to eachother, the foremost being the longest","a circuit board with six wire sitting parallel to eachother, the foremost is not the longest","ma","8197559","7"
"an electric circuit board, with a wire on the bottom that spans to the locatin of the microchip on the right","an electric circuit board, with a wire on the bottom that spans not quite to the location of the microchip on the right","ma","8197559","8"
"there is no name board in the table","there is a name board in the table","ma","81993755","1"
"a name board is not available infront of spoon on the table.","a name board is available infront of spoon on the table.","ma","81993755","2"
"a reserved event table with all white dinerware ","a reserved event table with all white dinerware","ma","81993755","3"
"a table set for a tea with name tags but one is blank","a table set for a tea with name tags ","ma","81993755","4"
"a table with a tablecloth and dishes","a table with a tablecloth and dishes","ma","81993755","5"
"a neatly arranged table setting for a party","a neatly arranged table setting for a party with a name card placed on the table","ma","81993755","6"
"a table set with cups and spoons and plates","a table set with cups and saucers with monogrammed napkins","ma","81993755","7"
"building. top left window closed","building. top left window open.","ma","83536470","1"
"a 3 story wide building with windows in each section except the end","a 3 story wide building with all windows in each section","ma","83536470","2"
"a stone mansion with six windows on the top row.","a stone mansion with seven windows on the top row.","ma","83536470","3"
"a castle with a lot of windows expect one room","a castle with a lot of windows for all rooms","ma","83536470","4"
"there are 24 pictures hung on the wall and the fifth picture on the second row from the left has a grey background.","there are 24 pictures hung on the wall and the fifth picture on the second row from the left has a black background.","ma","83691215","1"
"picture gallery on wall with all pictures straight up","picture gallery on wall with one picture upside down","ma","83691215","2"
"the picture is like a scenerio","the picture is a sea","ma","83691215","3"
"a white wall containing many pictures with the picture in the middle being dark on bottom and lighter colored on top","a white wall containing many pictures with the picture in the middle being dark on top and lighter colored on bottom","ma","83691215","4"
"a collection of pictures on a wall with one being an obscure photo","a collection of pictures on a wall with one being a dark but obscure photo.","ma","83691215","5"
"a wall full of framed pictures. one smaller picture has a white frame and shows a dark image.","a wall full of framed pictures. one shows a white frame and shows a dark image.","ma","83691215","6"
"a set of pictures on a wall with a blurred white frame picture in the middle","a set of pictures on a wall with a greyscale bus picture on a white frame in the middle.","ma","83691215","7"
"neatly arranged photos in frames on a wall with one smaller photo in a frame with a backgroun of a tree and a hill","neatly arranged photos in frames on a wall with one smaller photo in a frame of another scene","ma","83691215","8"
"a wall crowded with pictures with one black and white picture in the middle that is blurry.","a wall crowdrd with pictures with one black and white picture in the middle that is clear. ","ma","83691215","9"
"a collection of framed pictures hanging on a wall with a white-framed photo in the center thstis light at the top and dark at the bottom.","a collection of framed picuters hanging on a wall with a white-framed picture in the center that isdarl at the top and light at the bottom.","ma","83691215","10"
"a wall with lot of pictures with a mountain picture in the middle.","a wall with lot of picture with a sea picture in the middle.","ma","83691215","11"
" the towel contains 'a' letter small","the towel contains 'a' letter large","ma","83785171","1"
"a hand towel with a fish and some letters. the letter in the box is small compared to the others","a hand towel witha a fish and some letters. the letter in the box is an apropriate size compared to the others.","ma","83785171","2"
"a distowel embroided with different color fabric that spells eat with a small a","a dishtowel embroided with different color fabric that spells out the work eat. the a is similar in spacing and size as the t","ma","83785171","3"
"a dish towel hanging on an oven handle that reads 'eat' with a small 'a' ","a dish towel hanging on an oven handle that reads 'eat' with a large'a'","ma","83785171","4"
"a towel with the word eat where the letter a is small in size.","a towel with the word eat in it.","ma","83785171","5"
"a kitchen towel decorated with a fish, an apple, and the word 'eat' spelled out with a small 'a'","a kitchen towel decorated with a fish, an apple, and the word 'eat' spelled out with a large 'a'","ma","83785171","6"
"a variety of colorful lamps and one with a yellow top","a variety of colored lamps and one  with a white top.","ma","85741618","1"
"a selection of various lights in different colors and shapes with a green light that has a cut out on a white base.","a selection of various lights in different colors and shapes with a white light that has a cut out on a white base.","ma","85741618","2"
"a table with round lights and one light has a green top","a table with round lights all white or yellow colored","ma","85741618","3"
"a group of colorfull lamps on a table. one has a soft green light.","a group of colorfull lamps on a table. one has a soft orange light","ma","85741618","4"
"an array of led type lights and one with a green color lid","an array of led type lights and one with a white color lid","ma","85741618","5"
"near the big light, middle light is coated with green color","near te big light, middle light is coated wth white color","ma","85741618","6"
"a sweets display the yellow box has a shorter stick than the other picture","a sweets display the yellow box has a taller stick in it than the other picture.","ma","86520382","1"
"a candy setup with a broken stick on the right","a candy setup with perfect stick candies","ma","86520382","2"
"a plethora of desserts and a sucker without a stick","a plethora of desserts and a sucker with a stick","ma","86520382","3"
"candy decorations and a big jar of sweets","candy decorations with a big jar of sweets and some suckers next to it","ma","86520382","4"
"pink and red desserts displayed in glass containers on a table, cake pops to the right and one is missing a stick","pink and red desserts displayed in glass containers on a table, cake pops to the right with pink sticks.","ma","86520382","5"
"various treats on a table without a lollipop stick","various treats on a table with a lollipop stick","ma","86520382","6"
"a picture of a table set up for dinner. the table is covered with a table cloth that has printings of red and yellow flowers.","a picture of a table set up for dinner. the table is covered with a table cloth that has printings of red flowers.","ma","87983207","1"
"a set dinner table with a flower pattern cloth","a set dinner table with a flower pattern cloth","ma","87983207","2"
"a tablecloth with one orange flower and the rest are red.","a tablecloth with red flowers","ma","87983207","3"
"a set table with a table cloth that has orange flowers","a set table with a table cloth that has red flowers","ma","87983207","4"
"a set dinner table with a floral covering. one flower in the pattern is orange rather than red.","a set dinner table with a floral covering. all flowers in the pattern are red.","ma","87983207","5"
"a table cover with an orange flower","a table cover with all red flowers","ma","87983207","6"
" a table set for six with a flower patterned table cloth. the flower furthest left is orange","a table set for six with a flower patterned table cloth. the flower furthest left is red","ma","87983207","7"
"a table cloth with an orange flower","a table cloth with a red flower","ma","87983207","8"
" a dining table with red flower printed pattern and only one orange flower .","a dining table with all red flower printed pattern.","ma","87983207","9"
"valentine hearts and doves the heart in the yellow box is larger than the other picture.","valentine hearts and doves the heart in the yellow box is smaller than the other picture.","ma","88767165","1"
"a medium size heart shaped candy.","a small heartshaped candy on a plate with doves and other hearts.","ma","88767165","2"
"in the picture the heartin is large","in the picture the heartin is small","ma","88767165","3"
"a plate of love themed candy decorations","a tiny red heart shaped candy decoration","ma","88767165","4"
"valentines day fondant shapes including a medium heart on the bottom right","valentines day fondant shapes including a small heart on the bottom right.","ma","88767165","5"
"cookie cutouts with hearts on the bottom.  large, small, and medium size.","cookie cutouts with hearts on the bottom.  large, small, and mini size.","ma","88767165","6"
"a sowing desk that is very organized the yellow box has an additional sticker on it.","a sowing desk that is very organized the yellow box has no sticker on it.","ma","89354846","1"
"there is a handle here in the yellow box","there's no handle here","ma","89354846","2"
"a craft room with three red storage bins one has 2 handles on the front","a craft room with three red storage bins all identical with one handle each","ma","89354846","3"
"a table with craft and sewing stuff with organizers","a table with arts and crafts things and organizers","ma","89354846","4"
"a desk with photo boxes that have plastic view labels. on of the boxes has two labels","a desk with photo boxes, some with one view window","ma","89354846","5"
"a craft room with the three red baskets all with one rectangular hole except one that has two holes.","a craft room with three red baskets all with one rectangular hole. ","ma","89354846","6"
"green bean bags the postal stamp in the yellow box is opposite than the other picture.","green bean bags the postal stamp in the yellow box is facing up in this picture.","ma","8974554","1"
"stamp upside down on mail","stamp right side up on mail","ma","8974554","2"
"an upside down stamp is on the corner of an envelope","a stamp is on the corner of an envelope","ma","8974554","3"
"a set of green fabric pillows with gift tags and a stack of orange envelopes with an upside down gnome stamp on the top one","a set of green fabric pillows with gift tags and a stack of orange envelopes with a gnome stamp on the top one","ma","8974554","4"
"an envelope with a stamp of an upside down gnome sits with some crafting materials","an envelope with a stamp of a right side up gnome sits with some crafting materials","ma","8974554","5"
"an array of green beanbags with fabric patterned circles on top and a few gold envelopes with a stamp that has red and yellow within a green circle near the top of the stamp. the yellow is on the top ","an array of green beanbags with fabric patterned circles on top and a few gold envelopes with a stamp that has red on top and yellow on the bottom within a green circle near the top of the stamp","ma","8974554","6"
"an envelope with an upside down stamp","an envelope with a right side up stamp","ma","8974554","7"
"in the yellow sheet corner side, logo is pasted in reverse side","in the yellow sheet corner ide, logo is pasted in correct side","ma","8974554","8"
"an assortment of small pillowlike green items","an assortment of small pillowlike green items and a manilla envelope with a stamp in the corner","ma","8974554","9"
"six fabric quilt stars with the blue one has no center button","six fabric quilt stars with the blue one having a hear shaped center button","ma","90405028","1"
"a set of 6 cloths in the shape of whirls and with buttons in the middle","a set of 6 cloths in the shape of swirls all with a button in the middle except one","ma","90405028","2"
"pimwheels made of cloth and buttons with one missing a button","pinwheels made of cloth and buttons with one having a heart button","ma","90405028","3"
"a set of material spinners on a wooden table with one blue one with a grey center","a set of material spinners on a wooden table with one blue one with a red heart on the center","ma","90405028","4"
"six neatly placed handmade fabric ornaments with one that has no button in the middle of it","six neatly placed handmade fabric ornaments with one that has a heart shaped button in the middle of it","ma","90405028","5"
"second star is present with no button","second star is present  with pink button","ma","90405028","6"
"pinwheels stuck onto two pieces of wood","decorative pinwheels stuck onto two wooden boards and one has a pink heart in the center","ma","90405028","7"
"six pinwheeled pieces of cloth, all but one including a button in the center, laying on a wooden board","six pinwheeled pieces of cloth, all including buttons in the center, laying on a wooden board","ma","90405028","8"
"a two story red brick building with white trim. there are six windows on the second floor and three windows on the first floord","a two story red brick building with white trim there are six windows on the second floor and three windows on the first floor.","ma","95091295","1"
"a exterior of the buildin with all windows open on top floor","an exterior of the building with one window partially closed.","ma","95091295","2"
"a red two story building with a widow that is dark on top and light on the bottom.","a red two story building with a window that is light on top, dark in the middle and light on the bottom.","ma","95091295","3"
"a building with red bricks, white windows, and a white doorframe sits in front of a white sky","a building with red brick, white windows, and a white doorframe sits in front of a white sky. one of the windows is different from the rest and is divided into 3 colors instead of 2.","ma","95091295","4"
"a red brick building with a wooden door and white trim. bars are on the lower windows","a red brick building with a wooden door and white trim. bars are on the lower windows and one upper window looks open","ma","95091295","5"
"a brick building that houses total a-v systems inc. the second of 6 windows on the second story has a screen in the top half of the window","a brick building that houses a total a-v systems inc. the second of 6 windows on the second story has a screen in the middle of the window","ma","95091295","6"
"a red brick house with six symertical windows on the top floor with the second window from left having a visivible window treatment on the top and bottom  halves","a red brick house with six symertical windos on the top floor with the second window having a window treatment visiable on the top and bottom quarters","ma","95091295","7"
"a building with a window that has its screen at the top","a building with a window with its screen in the middle","ma","95091295","8"
"a building with windows that are all half shaded on the top. ","a building with windows that are all half shaded with one window shaded in the middle ","ma","95091295","9"
"second  window is closed in the building","second window  is  partially opened","ma","95091295","10"
"a building with six windows where the second window is closed along with others.","a building with six windows where the second window is half opened unlike others.","ma","95091295","11"
"a business card on a table next to some colored pencils.","a business card laid out in front of otgers on a table with pencils.","ma","97475929","1"
"a desk containing colored pencils and business cards with the description of the card in the bottom of the main card","a desk containing colored pencils and business cards with the description of the card underneath the name on the card","ma","97475929","2"
"a collection of pencils and notecards. one notecard has a blank space below the name and a description above the phone number and email.","a collection of pencils and notecards. one notecard has a blank space above the phone number and email and a description below the name.","ma","97475929","3"
"a set of colored pencils and business cards. the tag line for the business card is right above the phone number","a set of colored pencils and business cards the tag line for the business card is right under the name.","ma","97475929","4"
"a table ","a table with colored pencils and businesscard  ","ma","97475929","5"
"a business card with the information placed lower on the card on a table with more cards and colored pencils. ","a business card with the information placed higher on the card with more cards and colored pencils. ","ma","97475929","6"
"an assortment of business cards on a wooden surface along with a number of colored pencils which are used to fill in circles on the cards which are located above a short phrase","an assortment of business cards on a wooden surface along with a number of colored pencils which are used to fill in circles on the cards which are located next to a short phrase","ma","97475929","7"
"a desk and chair with two monitors and several files and pennd a keyboard, mouse and table a handle of a vaccum is next to the right of the desk","a desk and chair with two monitors and several files, pens, keyboard, mouse with a vaccum cleaner handle near the right of the desk.","ma","98156944","1"
"a large letter opener next to a desk.","a small letter opener next to a desk.","ma","98156944","2"
"an organized desk with a decoration standing next to it.","an organized desk with a decoration hanging next to it.","ma","98156944","3"
"a desk with folders and monitors. the silver item in the box is almost as tall as the image","a desk with folders and monitors. the silver item in the box is much smaller than in the other image.","ma","98156944","4"
"an office setup with an umbrella towering out from behind the desk.","an office setup with an umbrella just peeking out from behind the desk.","ma","98156944","5"
"a sward hanging up ","a sword hanging below the table","ma","98156944","6"
"an office desk with a variety of office suplies and a computer on top and a tall umbrella reaching high above the desk","an office desk with a variety of office supplies and a computer on top and a short umbrella barely reaching the top of the desk.","ma","98156944","7"
"a desk with dual monitors. a tall umbrella stands to the left of the desk","a desk with dual monitors. a short umbrella stands to the left of the desk","ma","98156944","8"
"an office with a desk and two monitors and various office supplies with a sword half pulled out of a scabbard taking up a large portion of the wall","an office with a desk and two monitors and various office supplies with a sword slightly pulled out of the scabbard in the left corner","ma","98156944","9"
"at the corner of the side, long stick is available","at the corner of the side, short stick is available","ma","98156944","10"
"a checkered cloth table with small books and pamphlets, including a black book with a white sillouette of a man on the right side of the cover","a checkered cloth table with small books and pamphlets, including a blackbook with a white sillouette of a man on the right side of the cover","ma","98265889","1"
"an informational table at a trade event with a black book with white figure on the right","an informational table at a trade event with a black book with white figure on the left","ma","98265889","2"
"a table full of booklets and cards, one with a man appearing on the right side of the booklet.","a table full of booklets and cards, one with man appearing on the left side of the booklet.","ma","98265889","3"
"a set of pamphlets on a red striped table with a particular stack of black ones containing a red humanoid on the right side of the sheet.","a set of pamphlets on a red striped table with a particular stack of black ones containing a red humanoid on the right side of the sheet.","ma","98265889","4"
"a table with phamplets and business cards and passports","a table with business cards and pamphlets with passports","ma","98265889","5"
"a table holds an assortment of pamphlets. one is black with a figure on the right.","a table holds an assortment of pamphlets. one is black with a figure on the left.","ma","98265889","6"
"a table full of cards with a stack of black and white cards with a person depicted on the right side. ","a table full of cards with a stack of black and white cards with a person depicted on the left side. ","ma","98265889","7"
"different sets of book with a black book containing a lady's pic on its right corner.","different sets of book with a black book containing a lady's pic on its left corner.","ma","98265889","8"
